<application>
  <component name="ConsoleFoldingSettings">
    <option name="addedPositive">
      <list>
        <option value="Accessing hidden method Landroid/view" />
        <option value="D/eglCodecCommon:" />
        <option value="EGL_emulation:" />
        <option value="Gralloc3:" />
        <option value="HostConnection:" />
        <option value="libc:" />
        <option value="libEGL:" />
        <option value="Not late-enabling -Xcheck:jni" />
        <option value="OpenGLRenderer:" />
        <option value="RenderThread:" />
        <option value="Unexpected CPU variant for" />
        <option value="Unknown bits set in runtime_flags" />
      </list>
    </option>
  </component>
</application>